{
	"parent": "item/handheld",
	"textures": {
		"layer0": "items/diamond_sword"
	},
	"overrides": [
		{ "predicate": {"damaged": 0, "damage": 0}, "model": "item/diamond_sword"},
		{ "predicate": {"damaged": 0, "damage": 0.0006402048655569782}, "model": "item/diamond_sword0"},
		{ "predicate": {"damaged": 0, "damage": 0.0012804097311139564}, "model": "item/diamond_sword1"},
		{ "predicate": {"damaged": 0, "damage": 0.0019206145966709346}, "model": "item/diamond_sword2"},
		{ "predicate": {"damaged": 0, "damage": 0.002560819462227912932138}, "model": "item/gray_ring"},
		{ "predicate": {"damaged": 0, "damage": 0.003203074951953875720692}, "model": "item/gray_plate"},
		{ "predicate": {"damaged": 0, "damage": 0.00384368994234465086483}, "model": "item/bedrock_dust"},
		{"predicate": {"damaged": 0, "damage": 0.004484304932735426008969}, "model": "item/obsidian_geode"},
		{"predicate": {"damaged": 0, "damage": 0.005124919923126201153107}, "model": "item/meteor_ore"},
		{"predicate": {"damaged": 0, "damage": 0.005765534913516976297245}, "model": "item/meteor_crystal"},
		{"predicate": {"damaged": 0, "damage": 0.006406149903907751441384}, "model": "item/gold_ring"},
		{"predicate": {"damaged": 0, "damage": 0.007046764894298526585522}, "model": "item/iron_ring"},
		{"predicate": {"damaged": 0, "damage": 0.007687379884689301729661}, "model": "item/amethyst"},
		{"predicate": {"damaged": 0, "damage": 0.008327994875080076873798}, "model": "item/fire_orb"},
		{"predicate": {"damaged": 0, "damage": 0.008968609865470852017937}, "model": "item/amethyst_ring"},
		{"predicate": {"damaged": 0, "damage": 0.009609224855861627162076}, "model": "item/amethyst_jewel"},
		{"predicate": {"damaged": 0, "damage": 0.01024983984625240230621}, "model": "item/zircon1"},
		{"predicate": {"damaged": 0, "damage": 0.01089045483664317745035}, "model": "item/zircon2"},
		{"predicate": {"damaged": 0, "damage": 0.01153106982703395259449}, "model": "item/zircon3"},
		{"predicate": {"damaged": 0, "damage": 0.01217168481742472773863}, "model": "item/zircon4"},
		{"predicate": {"damaged": 0, "damage": 0.01281229980781550288277}, "model": "item/stone_geode"},
		{"predicate": {"damaged": 0, "damage": 0.01345291479820627802691}, "model": "item/ocean_geode"},
		{"predicate": {"damaged": 0, "damage": 0.01409352978859705317104}, "model": "item/ice_cube"},
		{"predicate": {"damaged": 0, "damage": 0.01473414477898782831518}, "model": "item/ice_tube"},
		{"predicate": {"damaged": 0, "damage": 0.01537475976937860345932}, "model": "item/gold"},
		{"predicate": {"damaged": 0, "damage": 0.01601537475976937860346}, "model": "item/cobalt_ore"},
		{"predicate": {"damaged": 0, "damage": 0.0166559897501601537476}, "model": "item/permendur"},
		{"predicate": {"damaged": 0, "damage": 0.01729660474055092889174}, "model": "item/permendur_talisman"},
		{"predicate": {"damaged": 0, "damage": 0.01793721973094170403587}, "model": "item/bat_wand"},
		{"predicate": {"damaged": 0, "damage": 0.01857783472133247918001}, "model": "item/pumpkin_sword"},
		{"predicate": {"damaged": 0, "damage": 0.01921844971172325432415}, "model": "item/glazed_geode"},
		{"predicate": {"damaged": 0, "damage": 0.01985906470211402946829}, "model": "item/cinnabar"},
		{"predicate": {"damaged": 0, "damage": 0.02049967969250480461243}, "model": "item/hefryite"},
		{"predicate": {"damaged": 0, "damage": 0.02114029468289557975657}, "model": "item/cinnabar_spear"},
		{"predicate": {"damaged": 0, "damage": 0.02178090967328635490071}, "model": "item/stone_stick"},
		{"predicate": {"damaged": 0, "damage": 0.02242152466367713004484}, "model": "item/big_stick"},
		{"predicate": {"damaged": 0, "damage": 0.02306213965406790518898}, "model": "item/steel_ingot"},
		{"predicate": {"damaged": 0, "damage": 0.02370275464445868033312}, "model": "item/gold_piece"},
		{ "predicate": {"damaged": 1, "damage": 0}, "model": "item/diamond_sword"}
	]
}