{
	"parent": "item/handheld",
	"textures": {
		"layer0": "item/shears"
	},
	"overrides": [
		{ "predicate": {"damaged": 0, "damage": 0}, "model": "item/shears"},
		{ "predicate": {"damaged": 0, "damage": 0.0006402048655569782}, "model": "block/dust"},
		{ "predicate": {"damaged": 0, "damage": 0.00840336134}, "model": "block/red_sandstone_panels"},
		{ "predicate": {"damaged": 0, "damage": 0.01260504201}, "model": "block/blue_sandstone_panels"},
		{ "predicate": {"damaged": 0, "damage": 0.01680672268}, "model": "block/sieve"},
		{ "predicate": {"damaged": 0, "damage": 0.02100840336}, "model": "block/sand_coral"},
		{ "predicate": {"damaged": 0, "damage": 0.02521008403}, "model": "block/nether_guts"},
		{ "predicate": {"damaged": 0, "damage": 0.02941176470588235294118}, "model": "item/blue_pick"},
		{ "predicate": {"damaged": 0, "damage": 0.0336134453781512605042}, "model": "item/red_pick"},
		{ "predicate": {"damaged": 0, "damage": 0.03781512605042016806723}, "model": "block/crystalizer"},
		{ "predicate": {"damaged": 1, "damage": 0}, "model": "item/shears"}
	]
}