{
    "bassdrumbeat": {
        "sounds": [
            "bassdrumbeat"
        ]
    },
    "handbrake": {
        "sounds": [
            "handbrake"
        ]
    },
	"airhiss": {
        "sounds": [
            "airhiss"
        ]
    },
	"ambientexplode": {
        "sounds": [
            "ambientexplode"
        ]
    },
	"klaxon": {
        "sounds": [
            "klaxon"
        ]
    },
	"firetemple": {
        "sounds": [
            "firetemple"
        ]
    },
	"crickets": {
		"sounds": [
			"crickets"
		]
	},
	"owlhoot": {
		"sounds": [
			"owlhoot",
			"owlhoot2"
		]
	},
	"rooster": {
		"sounds": [
			"rooster1",
			"rooster2"
		]
	},
	"jungle.jungleday": {
		"sounds": [
			"jungle/jungleday1",
			"jungle/jungleday2",
			"jungle/jungleday3",
			"jungle/jungleday4",
			"jungle/jungleday5"
		]
	},
	"treewind": {
		"sounds": [
			"treewind"
		]
	},

	"creepy.1": {
		"sounds": [
			"creepy/1"
		]
	},
	"creepy.2": {
		"sounds": [
			"creepy/2"
		]
	},
	"creepy.3": {
		"sounds": [
			"creepy/3"
		]
	},
	"creepy.4": {
		"sounds": [
			"creepy/4"
		]
	},
	"creepy.5": {
		"sounds": [
			"creepy/5"
		]
	},
    "dubstep": {
        "sounds": [
            "dubstep"
        ]
    }
}